/* Zbiór wszystkich danych osobowych jest przypadkowy */

INSERT INTO address(id, locality, street, house_number, apartment_number, postal_code)
VALUES (1, 'Gdańsk', 'Miodowa', 50, NULL, '80-840');
INSERT INTO address(id, locality, street, house_number, apartment_number, postal_code)
VALUES (2, 'Gdańsk', 'Doskonałej Jakości', 17, NULL, '80-980');
INSERT INTO address(id, locality, street, house_number, apartment_number, postal_code)
VALUES (3, 'Gdańsk', 'Kaszubska', 9, NULL, '84-104');
INSERT INTO address(id, locality, street, house_number, apartment_number, postal_code)
VALUES (4, 'Gdańsk', 'Fikcyjna', 5, NULL, '80-330');
INSERT INTO address(id, locality, street, house_number, apartment_number, postal_code)
VALUES (5, 'Gdańsk', 'Trzech Świnek', 4, NULL, '80-822');
INSERT INTO address(id, locality, street, house_number, apartment_number, postal_code)
VALUES (6, 'Gdańsk', 'Profesorska', 3, NULL, '80-856');
INSERT INTO address(id, locality, street, house_number, apartment_number, postal_code)
VALUES (7, 'Gdańsk', 'Sklepu Żabki', 3, NULL, '80-822');
INSERT INTO address(id, locality, street, house_number, apartment_number, postal_code)
VALUES (8, 'Gdańsk', 'Generała Henryka', 11, NULL, '82-222');
INSERT INTO address(id, locality, street, house_number, apartment_number, postal_code)
VALUES (9, 'Gdańsk', 'Nieśmiała', 7, NULL, '81-980');
INSERT INTO address(id, locality, street, house_number, apartment_number, postal_code)
VALUES (10, 'Gdańsk', 'Czekoladowa', 2, NULL, '84-840');
INSERT INTO address(id, locality, street, house_number, apartment_number, postal_code)
VALUES (11, 'Gdańsk', 'Tania', 2, NULL, '82-232');
INSERT INTO address(id, locality, street, house_number, apartment_number, postal_code)
VALUES (12, 'Gdańsk', 'Księdza Robaka', 3, NULL, '80-245');
INSERT INTO address(id, locality, street, house_number, apartment_number, postal_code)
VALUES (13, 'Gdańsk', 'Profesora', 3, NULL, '80-856');
INSERT INTO address(id, locality, street, house_number, apartment_number, postal_code)
VALUES (14, 'Gdańsk', 'Niemowlaka', 72, NULL, '80-840');
INSERT INTO address(id, locality, street, house_number, apartment_number, postal_code)
VALUES (15, 'Gdańsk', 'Pomalowana', 5, NULL, '82-834');
INSERT INTO address(id, locality, street, house_number, apartment_number, postal_code)
VALUES (16, 'Gdańsk', 'Mała', 17, NULL, '80-856');
INSERT INTO address(id, locality, street, house_number, apartment_number, postal_code)
VALUES (17, 'Gdańsk', 'Romualda Gołębiewskiego', 45, NULL, '82-232');
INSERT INTO address(id, locality, street, house_number, apartment_number, postal_code)
VALUES (18, 'Gdańsk', 'Świętego Ducha', 62, NULL, '80-980');
INSERT INTO address(id, locality, street, house_number, apartment_number, postal_code)
VALUES (19, 'Gdańsk', 'Świetego Mikołaja', 72, NULL, '80-840');
INSERT INTO address(id, locality, street, house_number, apartment_number, postal_code)
VALUES (20, 'Sopot', 'Obrońców Wybrzeża', 21, NULL, '81-416');
INSERT INTO address(id, locality, street, house_number, apartment_number, postal_code)
VALUES (21, 'Sopot', 'Fryderyka Chopina', 27, NULL, '81-990');
INSERT INTO address(id, locality, street, house_number, apartment_number, postal_code)
VALUES (22, 'Sopot', 'Bartosza Zagłodnego', 3, NULL, '83-840');
INSERT INTO address(id, locality, street, house_number, apartment_number, postal_code)
VALUES (23, 'Gdynia', 'Ludwika Kwaśnego', 13, NULL, '81-218');
INSERT INTO address(id, locality, street, house_number, apartment_number, postal_code)
VALUES (24, 'Gdynia', 'Wojska Polskiego', 26, NULL, '81-372');
INSERT INTO address(id, locality, street, house_number, apartment_number, postal_code)
VALUES (25, 'Gdynia', 'Małej Syreny', 40, NULL, '81-840');
INSERT INTO address(id, locality, street, house_number, apartment_number, postal_code)
VALUES (26, 'Gdynia', 'Muminków', 8, NULL, '82-840');
INSERT INTO address(id, locality, street, house_number, apartment_number, postal_code)
VALUES (27, 'Gdynia', 'Teleexpressu', 3, NULL, '82-120');
INSERT INTO address(id, locality, street, house_number, apartment_number, postal_code)
VALUES (28, 'Gdynia', 'Stanisława Gumisia', 1, NULL, '81-219');
INSERT INTO address(id, locality, street, house_number, apartment_number, postal_code)
VALUES (29, 'Gdynia', 'Światowa', 7, NULL, '84-152');
INSERT INTO address(id, locality, street, house_number, apartment_number, postal_code)
VALUES (30, 'Gdynia', 'Dyniowa', 3, NULL, '81-217');
INSERT INTO address(id, locality, street, house_number, apartment_number, postal_code)
VALUES (31, 'Gdynia', 'Aleja KFC', 36, NULL, '66-200');
INSERT INTO address(id, locality, street, house_number, apartment_number, postal_code)
VALUES (32, 'Elbląg', 'Kamienna', 18, NULL, '82-300');
INSERT INTO address(id, locality, street, house_number, apartment_number, postal_code)
VALUES (33, 'Elbląg', 'Stodołowa', 3, NULL, '42-232');
INSERT INTO address(id, locality, street, house_number, apartment_number, postal_code)
VALUES (34, 'Elbląg', 'Gen. Kazfirst_namerza Sikory', 55, NULL, '42-233');
INSERT INTO address(id, locality, street, house_number, apartment_number, postal_code)
VALUES (35, 'Elbląg', 'Powodziowa', 30, NULL, '82-317');
INSERT INTO address(id, locality, street, house_number, apartment_number, postal_code)
VALUES (36, 'Elbląg', 'Polowa', 58, NULL, '44-234');
INSERT INTO address(id, locality, street, house_number, apartment_number, postal_code)
VALUES (37, 'Elbląg', 'Romualda Kowalskiego', 15, NULL, '45-234');
INSERT INTO address(id, locality, street, house_number, apartment_number, postal_code)
VALUES (38, 'Elbląg', 'Mikołaja Kopernika', 68, NULL, '46-288');
INSERT INTO address(id, locality, street, house_number, apartment_number, postal_code)
VALUES (39, 'Elbląg', 'Nieistniejącego Ruchu Oporu', 47, NULL, '84-300');
INSERT INTO address(id, locality, street, house_number, apartment_number, postal_code)
VALUES (40, 'Hel', 'Wiejska', 46, NULL, '84-150');
INSERT INTO address(id, locality, street, house_number, apartment_number, postal_code)
VALUES (41, 'Gdańsk', 'Niska', 4, 3, '80-616');
INSERT INTO address(id, locality, street, house_number, apartment_number, postal_code)
VALUES (42, 'Gdańsk', 'Kota Maurycego', 2, 7, '80-388');
INSERT INTO address(id, locality, street, house_number, apartment_number, postal_code)
VALUES (43, 'Gdańsk', 'Dziewczęca', 14, NULL, '80-399');
INSERT INTO address(id, locality, street, house_number, apartment_number, postal_code)
VALUES (44, 'Gdańsk', 'Niezależna', 16, 2, '80-420');
INSERT INTO address(id, locality, street, house_number, apartment_number, postal_code)
VALUES (45, 'Gdańsk', 'Niezależna', 16, 3, '80-420');
INSERT INTO address(id, locality, street, house_number, apartment_number, postal_code)
VALUES (46, 'Gdańsk', 'Koperka', 8, NULL, '80-336');
INSERT INTO address(id, locality, street, house_number, apartment_number, postal_code)
VALUES (47, 'Gdańsk', 'Króla Jakuba', 7, 8, '80-346');
INSERT INTO address(id, locality, street, house_number, apartment_number, postal_code)
VALUES (48, 'Gdańsk', 'Wykładowcy Łukasza', 6, NULL, '80-462');
INSERT INTO address(id, locality, street, house_number, apartment_number, postal_code)
VALUES (49, 'Gdańsk', 'Niedźwiedzia Polarnego', 8, 6, '80-244');
INSERT INTO address(id, locality, street, house_number, apartment_number, postal_code)
VALUES (50, 'Gdańsk', 'Nadmorska', 66, 6, '80-506');
INSERT INTO address(id, locality, street, house_number, apartment_number, postal_code)
VALUES (51, 'Gdańsk', 'Świętego Mikołaja', 49, NULL, '80-840');
INSERT INTO address(id, locality, street, house_number, apartment_number, postal_code)
VALUES (52, 'Gdańsk', 'Świętego Mikołaja', 49, NULL, '80-840');
INSERT INTO address(id, locality, street, house_number, apartment_number, postal_code)
VALUES (53, 'Gdańsk', 'Tortowa', 31, 1, '80-743');
INSERT INTO address(id, locality, street, house_number, apartment_number, postal_code)
VALUES (54, 'Gdańsk', 'Braci Kiepskich', 1, NULL, '80-001');
INSERT INTO address(id, locality, street, house_number, apartment_number, postal_code)
VALUES (55, 'Gdańsk', 'Nerwowa', 27, NULL, '80-557');
INSERT INTO address(id, locality, street, house_number, apartment_number, postal_code)
VALUES (56, 'Gdańsk', 'Romualda Kowalskiego', 11, 5, '80-222');
INSERT INTO address(id, locality, street, house_number, apartment_number, postal_code)
VALUES (57, 'Gdańsk', 'Długa', 45, 5, '80-827');
INSERT INTO address(id, locality, street, house_number, apartment_number, postal_code)
VALUES (58, 'Gdańsk', 'Romualda Gołębiewskiego', 29, 3, '80-221');
INSERT INTO address(id, locality, street, house_number, apartment_number, postal_code)
VALUES (59, 'Gdańsk', 'Plac Belli Ćwir', 15, 1, '80-001');
INSERT INTO address(id, locality, street, house_number, apartment_number, postal_code)
VALUES (60, 'Gdańsk', 'Aleja Borsuka', 46, NULL, '80-001');
INSERT INTO address(id, locality, street, house_number, apartment_number, postal_code)
VALUES (61, 'Sopot', 'Małomyślna', 7, NULL, '81-813');
INSERT INTO address(id, locality, street, house_number, apartment_number, postal_code)
VALUES (62, 'Sopot', 'Bolka i Lolka', 45, NULL, '81-723');
INSERT INTO address(id, locality, street, house_number, apartment_number, postal_code)
VALUES (63, 'Sopot', 'Smerfów i Gargamela', 8, NULL, '81-720');
INSERT INTO address(id, locality, street, house_number, apartment_number, postal_code)
VALUES (64, 'Sopot', '5 Lutego', 44, NULL, '81-701');
INSERT INTO address(id, locality, street, house_number, apartment_number, postal_code)
VALUES (65, 'Gdynia', 'Krasnoludków', 2, 11, '81-174');
INSERT INTO address(id, locality, street, house_number, apartment_number, postal_code)
VALUES (66, 'Gdynia', 'Jana Kowalskiego',  21, NULL, '81-342');
INSERT INTO address(id, locality, street, house_number, apartment_number, postal_code)
VALUES (67, 'Gdynia', 'Alladyna',  24, NULL, '81-524');
INSERT INTO address(id, locality, street, house_number, apartment_number, postal_code)
VALUES (68, 'Gdynia', 'Mateusza Miłego',  17, 3, '81-361');
INSERT INTO address(id, locality, street, house_number, apartment_number, postal_code)
VALUES (69, 'Gdynia', 'Bezfirst_namennego',  39, NULL, '81-364');
INSERT INTO address(id, locality, street, house_number, apartment_number, postal_code)
VALUES (70, 'Elbląg', 'Macieja Dąbrowskiego',  5, 2, '82-300');
INSERT INTO address(id, locality, street, house_number, apartment_number, postal_code)
VALUES (71, 'Elbląg', 'Rodziny Abramsów',  20, NULL, '82-300');
INSERT INTO address(id, locality, street, house_number, apartment_number, postal_code)
VALUES (72, 'Elbląg', 'Arnolda Boczka',  10, NULL, '82-300');
INSERT INTO address(id, locality, street, house_number, apartment_number, postal_code)
VALUES (73, 'Hel', 'Admirała Nowaka',  40, NULL, '84-150');
INSERT INTO address(id, locality, street, house_number, apartment_number, postal_code)
VALUES (74, 'Hel', 'Oceanu Czerwonego',  21, NULL, '84-150');
INSERT INTO address(id, locality, street, house_number, apartment_number, postal_code)
VALUES (75, 'Kościerzyna', 'Ocen Celujących', 50, NULL, '80-400');
INSERT INTO address(id, locality, street, house_number, apartment_number, postal_code)
VALUES (76, 'Kościerzyna', 'Antoniego IV', 15, NULL, '80-400');
INSERT INTO address(id, locality, street, house_number, apartment_number, postal_code)
VALUES (77, 'Kościerzyna', 'Doliny Andrzeja', 9, NULL, '84-104');
INSERT INTO address(id, locality, street, house_number, apartment_number, postal_code)
VALUES (78, 'Słupsk', 'Kubusia Puchatka', 5, NULL, '76-215');
INSERT INTO address(id, locality, street, house_number, apartment_number, postal_code)
VALUES (79, 'Słupsk', 'Kubusia Puchatka', 4, NULL, '76-215');
INSERT INTO address(id, locality, street, house_number, apartment_number, postal_code)
VALUES (80, 'Słupsk', 'Kubusia Puchatka', 3, NULL, '76-215');
INSERT INTO address(id, locality, street, house_number, apartment_number, postal_code)
VALUES (81, 'Słupsk', 'Gier', 17, NULL, '76-200');
INSERT INTO address(id, locality, street, house_number, apartment_number, postal_code)
VALUES (82, 'Słupsk', 'Wszystkich Zdrowych', 9, NULL, '76-201');
INSERT INTO address(id, locality, street, house_number, apartment_number, postal_code)
VALUES (83, 'Wejherowo', 'Szybkiego Żółwia', 5, NULL, '84-201');
INSERT INTO address(id, locality, street, house_number, apartment_number, postal_code)
VALUES (84, 'Wejherowo', 'Szybkiego Żółwia', 4, NULL, '84-201');
INSERT INTO address(id, locality, street, house_number, apartment_number, postal_code)
VALUES (85, 'Wejherowo', 'Wolnego Zająca', 45, NULL, '84-201');
INSERT INTO address(id, locality, street, house_number, apartment_number, postal_code)
VALUES (86, 'Wejherowo', 'Złotego Lwa', 17, NULL, '84-200');
INSERT INTO address(id, locality, street, house_number, apartment_number, postal_code)
VALUES (87, 'Wejherowo', 'Platynowego Jeża', 9, NULL, '84-200');
INSERT INTO address(id, locality, street, house_number, apartment_number, postal_code)
VALUES (88, 'Wejherowo', 'Tańca Z Gwiazdami', 5, NULL, '84-200');
INSERT INTO address(id, locality, street, house_number, apartment_number, postal_code)
VALUES (89, 'Władysławowo', 'Wakacyjna', 14, NULL, '80-121');
INSERT INTO address(id, locality, street, house_number, apartment_number, postal_code)
VALUES (90, 'Władysławowo', 'Gier Planszowych', 25, NULL, '80-121');
INSERT INTO address(id, locality, street, house_number, apartment_number, postal_code)
VALUES (91, 'Władysławowo', 'Wakacyjna', 16, NULL, '80-121');
INSERT INTO address(id, locality, street, house_number, apartment_number, postal_code)
VALUES (92, 'Władysławowo', 'Falowa', 91, NULL, '84-121');
INSERT INTO address(id, locality, street, house_number, apartment_number, postal_code)
VALUES (93, 'Władysławowo', 'Mrówki Z', 15, NULL, '84-120');
INSERT INTO address(id, locality, street, house_number, apartment_number, postal_code)
VALUES (94, 'Władysławowo', 'Uciekająca', 4, NULL, '84-120');
INSERT INTO address(id, locality, street, house_number, apartment_number, postal_code)
VALUES (95, 'Władysławowo', 'Czterech Wesołych', 53, NULL, '84-120');
INSERT INTO address(id, locality, street, house_number, apartment_number, postal_code)
VALUES (96, 'Tczew', 'Aglomeracji trójmiejskiej', 16, NULL, '83-110');

INSERT INTO job_position(id, title, salary)
VALUES (1, 'Kierownik', 6500);
INSERT INTO job_position(id, title, salary)
VALUES (2, 'Zastępca kierownika', 5500);
INSERT INTO job_position(id, title, salary)
VALUES (3, 'Kierowca', 4000);
INSERT INTO job_position(id, title, salary)
VALUES (4, 'Magazynier', 4200);
INSERT INTO job_position(id, title, salary)
VALUES (5, 'Inspektor ds. biurowych', 3200);
INSERT INTO job_position(id, title, salary)
VALUES (6, 'Inspektor ds. technicznych', 3500);
INSERT INTO job_position(id, title, salary)
VALUES (7, 'Pracownik usług czystościowych', 2500);

INSERT INTO person(id, address_id, job_position_id, first_name, last_name, gender, birth_date, pesel)
VALUES (1, 1, 1, 'Gwidon', 'Fabacki', 'm', '1952-09-09', '52080974913');
INSERT INTO person(id, address_id, job_position_id, first_name, last_name, gender, birth_date, pesel)
VALUES (2, 2, 2, 'Fidol', 'Jadacki', 'm', '1957-10-27', '57102700110');
INSERT INTO person(id, address_id, job_position_id, first_name, last_name, gender, birth_date, pesel)
VALUES (3, 3, 5, 'Robert', 'Kucharski', 'm', '1966-02-28', '66022814337');
INSERT INTO person(id, address_id, job_position_id, first_name, last_name, gender, birth_date, pesel)
VALUES (4, 4, NULL, 'Arlena', 'Len', 'k', '1978-05-15', '78051556580');
INSERT INTO person(id, address_id, job_position_id, first_name, last_name, gender, birth_date, pesel)
VALUES (5, 5, 4, 'Druzjan', 'Słabiak', 'm', '1992-09-11', '92091180950');
INSERT INTO person(id, address_id, job_position_id, first_name, last_name, gender, birth_date, pesel)
VALUES (6, 6, NULL, 'Dżon', 'Kobra', 'm', '1953-08-21', '53082199159');
INSERT INTO person(id, address_id, job_position_id, first_name, last_name, gender, birth_date, pesel)
VALUES (7, 7, 4, 'Klet', 'Zabacki', 'm', '1996-12-11', '96121137932');
INSERT INTO person(id, address_id, job_position_id, first_name, last_name, gender, birth_date, pesel)
VALUES (8, 8, 2, 'Cyrenia', 'Abbacka', 'k', '1974-04-21', '74042145885');
INSERT INTO person(id, address_id, job_position_id, first_name, last_name, gender, birth_date, pesel)
VALUES (9, 9, NULL, 'Beatrycze', 'Roztrocka', 'k', '1974-02-10', '74021039840');
INSERT INTO person(id, address_id, job_position_id, first_name, last_name, gender, birth_date, pesel)
VALUES (10, 10, NULL, 'Jurata', 'Komosa', 'k', '1974-07-17', '74071731488');
INSERT INTO person(id, address_id, job_position_id, first_name, last_name, gender, birth_date, pesel)
VALUES (11, 11, 3, 'Baldwin', 'Mleczyk', 'm', '1995-06-21', '95062197773');
INSERT INTO person(id, address_id, job_position_id, first_name, last_name, gender, birth_date, pesel)
VALUES (12, 12, NULL, 'Celestyn', 'Kozak', 'm', '1977-03-12', '77031236331');
INSERT INTO person(id, address_id, job_position_id, first_name, last_name, gender, birth_date, pesel)
VALUES (13, 13, NULL, 'Żyraf', 'Plamkowaty', 'm', '1967-08-09', '67080988136');
INSERT INTO person(id, address_id, job_position_id, first_name, last_name, gender, birth_date, pesel)
VALUES (14, 14, 4, 'Ilona', 'Bałaganiarska', 'k', '1988-02-15', '88021507643');
INSERT INTO person(id, address_id, job_position_id, first_name, last_name, gender, birth_date, pesel)
VALUES (15, 15, 5, 'Jelena', 'Nebacka', 'k', '1989-04-17', '89041755106');
INSERT INTO person(id, address_id, job_position_id, first_name, last_name, gender, birth_date, pesel)
VALUES (16, 16, 4, 'Kanizjusz', 'Debacki', 'm', '1980-05-18', '80051813015');
INSERT INTO person(id, address_id, job_position_id, first_name, last_name, gender, birth_date, pesel)
VALUES (17, 17, 4, 'Radzimir', 'Miłosierny', 'm', '1984-04-03', '84040363471');
INSERT INTO person(id, address_id, job_position_id, first_name, last_name, gender, birth_date, pesel)
VALUES (18, 18, NULL, 'Filip', 'Barwinek', 'm', '1978-12-12', '78121234451');
INSERT INTO person(id, address_id, job_position_id, first_name, last_name, gender, birth_date, pesel)
VALUES (19, 19, 3, 'Sabina', 'Fiołek', 'k', '1993-05-11', '93051145529');
INSERT INTO person(id, address_id, job_position_id, first_name, last_name, gender, birth_date, pesel)
VALUES (20, 20, 4, 'Alojzy', 'Przejażdżka', 'm', '1993-05-11', '93051195678');
INSERT INTO person(id, address_id, job_position_id, first_name, last_name, gender, birth_date, pesel)
VALUES (21, 21, 5, 'Przemysław', 'Paszczak', 'm', '1993-01-30', '93013012098');
INSERT INTO person(id, address_id, job_position_id, first_name, last_name, gender, birth_date, pesel)
VALUES (22, 22, 6, 'Borys', 'Los', 'm', '1989-02-26', '89022660173');
INSERT INTO person(id, address_id, job_position_id, first_name, last_name, gender, birth_date, pesel)
VALUES (23, 23, 6, 'Wiesława', 'Pryszcz', 'k', '1987-07-24', '87072442268');
INSERT INTO person(id, address_id, job_position_id, first_name, last_name, gender, birth_date, pesel)
VALUES (24, 24, NULL, 'Abelia', 'Kaktus', 'k', '1976-02-19', '76021920708');
INSERT INTO person(id, address_id, job_position_id, first_name, last_name, gender, birth_date, pesel)
VALUES (25, 25, NULL, 'Maja', 'Lebiodka', 'k', '1972-01-11', '72011116287');
INSERT INTO person(id, address_id, job_position_id, first_name, last_name, gender, birth_date, pesel)
VALUES (26, 26, 6, 'Pankracy', 'Bajeczny', 'm', '1999-02-13', '99021310351');
INSERT INTO person(id, address_id, job_position_id, first_name, last_name, gender, birth_date, pesel)
VALUES (27, 27, 7, 'Wadim', 'Zapominajka', 'm', '1964-01-13', '64011386478');
INSERT INTO person(id, address_id, job_position_id, first_name, last_name, gender, birth_date, pesel)
VALUES (28, 28, NULL, 'Marcel', 'Chabacki', 'm', '1973-03-24', '73032414956');
INSERT INTO person(id, address_id, job_position_id, first_name, last_name, gender, birth_date, pesel)
VALUES (29, 29, NULL, 'Stefan', 'Powój', 'm', '1968-02-22', '68022269797');
INSERT INTO person(id, address_id, job_position_id, first_name, last_name, gender, birth_date, pesel)
VALUES (30, 30, NULL, 'Anizja', 'Rabacka', 'k', '1966-07-15', '66071571726');
INSERT INTO person(id, address_id, job_position_id, first_name, last_name, gender, birth_date, pesel)
VALUES (31, 31, 7, 'Jagoda', 'Różańska', 'k', '1972-09-11', '72091149324');
INSERT INTO person(id, address_id, job_position_id, first_name, last_name, gender, birth_date, pesel)
VALUES (32, 32, 7, 'Róża', 'Jagodańska', 'k', '1975-01-05', '75010556968');
INSERT INTO person(id, address_id, job_position_id, first_name, last_name, gender, birth_date, pesel)
VALUES (33, 33, NULL, 'Leokadia', 'Jasna', 'k', '1972-03-07', '72030750868');
INSERT INTO person(id, address_id, job_position_id, first_name, last_name, gender, birth_date, pesel)
VALUES (34, 34, 6, 'Bianor', 'Jabacki', 'm', '1969-10-12', '69101280410');
INSERT INTO person(id, address_id, job_position_id, first_name, last_name, gender, birth_date, pesel)
VALUES (35, 35, 7, 'Biryn', 'Habacki', 'm', '1969-11-01', '69110165513');
INSERT INTO person(id, address_id, job_position_id, first_name, last_name, gender, birth_date, pesel)
VALUES (36, 36, 3, 'Fiebrosław', 'Zamiły', 'm', '1997-11-11', '97111139534');
INSERT INTO person(id, address_id, job_position_id, first_name, last_name, gender, birth_date, pesel)
VALUES (37, 37, NULL, 'Zygmunt', 'Dobroczyński', 'm', '1957-04-01', '57040193517');
INSERT INTO person(id, address_id, job_position_id, first_name, last_name, gender, birth_date, pesel)
VALUES (38, 38, NULL, 'Arian', 'Kabacki', 'm', '1968-02-04', '68020405197');
INSERT INTO person(id, address_id, job_position_id, first_name, last_name, gender, birth_date, pesel)
VALUES (39, 39, NULL, 'Franciszek', 'Gapa', 'm', '1978-01-05', '78010502113');
INSERT INTO person(id, address_id, job_position_id, first_name, last_name, gender, birth_date, pesel)
VALUES (40, 40, 5, 'Tomasz', 'Świątek', 'm', '1994-04-28', '94042848199');
INSERT INTO person(id, address_id, job_position_id, first_name, last_name, gender, birth_date, pesel)
VALUES (41, 41, 7, 'Kalistrat', 'Czapka', 'm', '1979-02-01', '79020152217');
INSERT INTO person(id, address_id, job_position_id, first_name, last_name, gender, birth_date, pesel)
VALUES (42, 42, 5, 'Paloma', 'Bluszcz', 'k', '1990-04-28', '90042896262');
INSERT INTO person(id, address_id, job_position_id, first_name, last_name, gender, birth_date, pesel)
VALUES (43, 43, NULL, 'Piotr', 'Mniszek', 'm', '1985-04-28', '85042825136');
INSERT INTO person(id, address_id, job_position_id, first_name, last_name, gender, birth_date, pesel)
VALUES (44, 44, NULL, 'Jan', 'Asparagus', 'm', '1979-12-17', '79121789736');
INSERT INTO person(id, address_id, job_position_id, first_name, last_name, gender, birth_date, pesel)
VALUES (45, 45, NULL, 'Ezio', 'Gad', 'm', '1966-07-23', '66072365418');
INSERT INTO person(id, address_id, job_position_id, first_name, last_name, gender, birth_date, pesel)
VALUES (46, 46, NULL, 'Irydion', 'Tulipan', 'm', '1983-07-11', '83071183171');
INSERT INTO person(id, address_id, job_position_id, first_name, last_name, gender, birth_date, pesel)
VALUES (47, 47, NULL, 'Aneta', 'Krecikowska', 'k', '1959-10-22', '59102299580');
INSERT INTO person(id, address_id, job_position_id, first_name, last_name, gender, birth_date, pesel)
VALUES (48, 48, NULL, 'Adra', 'Rekin', 'k', '1966-11-02', '66110214063');
INSERT INTO person(id, address_id, job_position_id, first_name, last_name, gender, birth_date, pesel)
VALUES (49, 49, NULL, 'Kalina', 'Zagłodna', 'k', '1992-11-22', '92112258387');
INSERT INTO person(id, address_id, job_position_id, first_name, last_name, gender, birth_date, pesel)
VALUES (50, 50, 4, 'Apostazja', 'Ciemna', 'k', '1975-11-12', '75111268841');
INSERT INTO person(id, address_id, job_position_id, first_name, last_name, gender, birth_date, pesel)
VALUES (51, 51, 7, 'Gustaw', 'Poznawski', 'm', '1997-09-13', '97091311294');
INSERT INTO person(id, address_id, job_position_id, first_name, last_name, gender, birth_date, pesel)
VALUES (52, 52, 7, 'Herweusz', 'Nocny', 'm', '1988-04-17', '88041789515');
INSERT INTO person(id, address_id, job_position_id, first_name, last_name, gender, birth_date, pesel)
VALUES (53, 53, 4, 'Gracjan', 'Dzienny', 'm', '1968-09-19', '68091924698');
INSERT INTO person(id, address_id, job_position_id, first_name, last_name, gender, birth_date, pesel)
VALUES (54, 54, NULL, 'Nikoletta', 'Mała', 'k', '1969-05-11', '69051104828');
INSERT INTO person(id, address_id, job_position_id, first_name, last_name, gender, birth_date, pesel)
VALUES (55, 55, NULL, 'Acelin', 'Pestka', 'm', '1989-09-24', '89092464958');
INSERT INTO person(id, address_id, job_position_id, first_name, last_name, gender, birth_date, pesel)
VALUES (56, 56, 4, 'Sebastian', 'Łysy', 'm', '1999-11-11', '99111124653');
INSERT INTO person(id, address_id, job_position_id, first_name, last_name, gender, birth_date, pesel)
VALUES (57, 57, 3, 'Michalina', 'Lilia', 'k', '1987-02-21', '87022100121');
INSERT INTO person(id, address_id, job_position_id, first_name, last_name, gender, birth_date, pesel)
VALUES (58, 58, 6, 'Adamnan', 'Wymagający', 'm', '1977-09-24', '77092410833');
INSERT INTO person(id, address_id, job_position_id, first_name, last_name, gender, birth_date, pesel)
VALUES (59, 59, 3, 'Bułat', 'Nadziewany', 'm', '1976-01-30', '76013043855');
INSERT INTO person(id, address_id, job_position_id, first_name, last_name, gender, birth_date, pesel)
VALUES (60, 60, 7, 'Stefan', 'Balon', 'm', '1956-02-10', '56021081355');
INSERT INTO person(id, address_id, job_position_id, first_name, last_name, gender, birth_date, pesel)
VALUES (61, 61, NULL, 'Edda', 'Kąkol', 'k', '1963-05-29', '63052971188');
INSERT INTO person(id, address_id, job_position_id, first_name, last_name, gender, birth_date, pesel)
VALUES (62, 62, 4, 'Faina', 'Dyniowska', 'k', '1960-11-07', '60110788900');
INSERT INTO person(id, address_id, job_position_id, first_name, last_name, gender, birth_date, pesel)
VALUES (63, 63, NULL, 'Kosma', 'Ostrożny', 'm', '1953-10-26', '53102617894');
INSERT INTO person(id, address_id, job_position_id, first_name, last_name, gender, birth_date, pesel)
VALUES (64, 64, 5, 'Symplicjusz', 'Fikus', 'm', '1957-03-30', '57033099871');
INSERT INTO person(id, address_id, job_position_id, first_name, last_name, gender, birth_date, pesel)
VALUES (65, 65, 6, 'Linda', 'Mak', 'k', '1978-05-15', '78051564949');
INSERT INTO person(id, address_id, job_position_id, first_name, last_name, gender, birth_date, pesel)
VALUES (66, 66, NULL, 'Liboriusz', 'Gladiola', 'm', '1977-11-18', '77111815351');
INSERT INTO person(id, address_id, job_position_id, first_name, last_name, gender, birth_date, pesel)
VALUES (67, 67, NULL, 'Ksaweryna', 'Mięta', 'k', '1953-05-04', '53050419902');
INSERT INTO person(id, address_id, job_position_id, first_name, last_name, gender, birth_date, pesel)
VALUES (68, 68, 5, 'Antonia', 'Gorczyca', 'k', '1961-01-02', '61010240565');
INSERT INTO person(id, address_id, job_position_id, first_name, last_name, gender, birth_date, pesel)
VALUES (69, 69, 6, 'Wawrzyniec', 'Rumianek', 'm', '1955-08-07', '55080737713');
INSERT INTO person(id, address_id, job_position_id, first_name, last_name, gender, birth_date, pesel)
VALUES (70, 70, 6, 'Abira', 'Bogata', 'k', '1972-02-01', '72020112469');
INSERT INTO person(id, address_id, job_position_id, first_name, last_name, gender, birth_date, pesel)
VALUES (71, 71, 3, 'Benicjusz', 'Naparczywy', 'm', '1988-09-19', '88091938914');
INSERT INTO person(id, address_id, job_position_id, first_name, last_name, gender, birth_date, pesel)
VALUES (72, 72, 4, 'Długomił', 'Jasnota', 'm', '1979-07-10', '79071058210');
INSERT INTO person(id, address_id, job_position_id, first_name, last_name, gender, birth_date, pesel)
VALUES (73, 73, NULL, 'Balladyna', 'Malina', 'k', '1974-01-01', '74010198202');
INSERT INTO person(id, address_id, job_position_id, first_name, last_name, gender, birth_date, pesel)
VALUES (74, 74, NULL, 'Boromeusz', 'Chmiel', 'm', '1967-11-22', '67112274851');
INSERT INTO person(id, address_id, job_position_id, first_name, last_name, gender, birth_date, pesel)
VALUES (75, 75, 6, 'Ramona', 'Obańska', 'k', '1987-12-21', '87122161604');
INSERT INTO person(id, address_id, job_position_id, first_name, last_name, gender, birth_date, pesel)
VALUES (76, 76, NULL, 'Eufrozyna', 'Pokrzywa', 'k', '1966-09-09', '66090997668');
INSERT INTO person(id, address_id, job_position_id, first_name, last_name, gender, birth_date, pesel)
VALUES (77, 77, 3, 'Dafroza', 'Trawnik', 'k', '1987-08-09', '87080934722');
INSERT INTO person(id, address_id, job_position_id, first_name, last_name, gender, birth_date, pesel)
VALUES (78, 78, 4, 'Borys', 'Pokrzyk', 'm', '1993-07-17', '93071706997');
INSERT INTO person(id, address_id, job_position_id, first_name, last_name, gender, birth_date, pesel)
VALUES (79, 79, 6, 'Nina', 'Kosaciec', 'k', '1994-01-11', '94011195565');
INSERT INTO person(id, address_id, job_position_id, first_name, last_name, gender, birth_date, pesel)
VALUES (80, 80, 5, 'Felin', 'Dziurawiec', 'm', '1991-01-16', '91011638274');
INSERT INTO person(id, address_id, job_position_id, first_name, last_name, gender, birth_date, pesel)
VALUES (81, 81, 7, 'Kalikst', 'Łubin', 'm', '1968-09-16', '68091682150');
INSERT INTO person(id, address_id, job_position_id, first_name, last_name, gender, birth_date, pesel)
VALUES (82, 82, 3, 'Krystyna', 'Bronk', 'k', '1977-10-15', '77101540544');
INSERT INTO person(id, address_id, job_position_id, first_name, last_name, gender, birth_date, pesel)
VALUES (83, 83, 5, 'Scholastyka', 'Bławatek', 'k', '1963-07-18', '63071823662');
INSERT INTO person(id, address_id, job_position_id, first_name, last_name, gender, birth_date, pesel)
VALUES (84, 84, NULL, 'Linus', 'Pacha', 'm', '1968-12-18', '68121862635');
INSERT INTO person(id, address_id, job_position_id, first_name, last_name, gender, birth_date, pesel)
VALUES (85, 85, 6, 'Marzanna', 'Macierzanka', 'k', '1979-03-03', '79030342684');
INSERT INTO person(id, address_id, job_position_id, first_name, last_name, gender, birth_date, pesel)
VALUES (86, 86, 5, 'Ramzes', 'Koniczyna', 'm', '1994-02-07', '94020744556');
INSERT INTO person(id, address_id, job_position_id, first_name, last_name, gender, birth_date, pesel)
VALUES (87, 87, NULL, 'Ronald', 'Lubiany', 'm', '1967-09-14', '67091482098');
INSERT INTO person(id, address_id, job_position_id, first_name, last_name, gender, birth_date, pesel)
VALUES (88, 88, 4, 'Florian', 'Małomyślny', 'm', '1978-10-27', '78102700474');
INSERT INTO person(id, address_id, job_position_id, first_name, last_name, gender, birth_date, pesel)
VALUES (89, 89, 3, 'Nela', 'Małomyślna', 'k', '1979-09-17', '79091794783');
INSERT INTO person(id, address_id, job_position_id, first_name, last_name, gender, birth_date, pesel)
VALUES (90, 90, 7, 'Marcisław', 'Buja', 'm', '1980-02-12', '80021246937');
INSERT INTO person(id, address_id, job_position_id, first_name, last_name, gender, birth_date, pesel)
VALUES (91, 91, 5, 'Grzymisława', 'Kochanek', 'k', '1990-01-02', '90010210863');
INSERT INTO person(id, address_id, job_position_id, first_name, last_name, gender, birth_date, pesel)
VALUES (92, 92, 3, 'Nadia', 'Ebacka', 'k', '1992-01-03', '92010319863');
INSERT INTO person(id, address_id, job_position_id, first_name, last_name, gender, birth_date, pesel)
VALUES (93, 93, NULL, 'Ninian', 'Łopian', 'm', '1980-06-12', '80061229730');
INSERT INTO person(id, address_id, job_position_id, first_name, last_name, gender, birth_date, pesel)
VALUES (94, 94, NULL, 'Benedykt', 'Chaper', 'm', '1987-02-10', '87021022277');
INSERT INTO person(id, address_id, job_position_id, first_name, last_name, gender, birth_date, pesel)
VALUES (95, 95, 4, 'Ksawery', 'Melon', 'm', '1985-06-05', '85060541575');
INSERT INTO person(id, address_id, job_position_id, first_name, last_name, gender, birth_date, pesel)
VALUES (96, 96, 7, 'Emilian', 'Zimny', 'm', '1991-06-25', '91062561235');